id,name,username,email,phone,website
2,Ervin Howell,Antonette,Shanna@melissa.tv,867516,anastasia.net
1,Leanne Graham,Bret,Sincere@april.biz,827676,hildegard.org
4,Patricia Lebsack,Karianne,Julianne.OConner@kory.org,878435,kale.biz
3,Clementine Bauch,Samantha,Nathan@yesenia.net,294673,ramiro.info
6,Mrs. Dennis Schulist,Leopoldo_Corkery,Karley_Dach@jasper.info,484301,ola.org
8,Nicholas Runolfsdottir V,Maxime_Nienow,Sherwood@rosamond.me,221634,jacynthe.com
9,Glenna Reichert,Delphine,Chaim_McDermott@dana.io,208005,conrad.com
10,Clementina DuBuque,Moriah.Stanton,Rey.Padberg@karina.biz,891265,ambrose.net
5,Chelsey Dietrich,Kamren,Lucio_Hettinger@annie.ca,899306,demarco.info
7,Kurtis Weissnat,Elwyn.Skiles,Telly.Hoeger@billy.biz,834173,elvis.io
